PMID,Title,Authors,Citation,First Author,Journal/Book,Publication Year,Create Date,PMCID,NIHMS ID,DOI
"31794016","Deep learning in clinical natural language processing: a methodical review","Wu S, Roberts K, Datta S, Du J, Ji Z, Si Y, Soni S, Wang Q, Wei Q, Xiang Y, Zhao B, Xu H.","J Am Med Inform Assoc. 2020 Mar 1;27(3):457-470. doi: 10.1093/jamia/ocz200.","Wu S","J Am Med Inform Assoc","2020","2019/12/04","PMC7025365","","10.1093/jamia/ocz200"
"36033590","The All of Us Research Program: Data quality, utility, and diversity","Ramirez AH, Sulieman L, Schlueter DJ, Halvorson A, Qian J, Ratsimbazafy F, Loperena R, Mayo K, Basford M, Deflaux N, Muthuraman KN, Natarajan K, Kho A, Xu H, Wilkins C, Anton-Culver H, Boerwinkle E, Cicek M, Clark CR, Cohn E, Ohno-Machado L, Schully SD, Ahmedani BK, Argos M, Cronin RM, O'Donnell C, Fouad M, Goldstein DB, Greenland P, Hebbring SJ, Karlson EW, Khatri P, Korf B, Smoller JW, Sodeke S, Wilbanks J, Hentges J, Mockrin S, Lunt C, Devaney SA, Gebo K, Denny JC, Carroll RJ, Glazer D, Harris PA, Hripcsak G, Philippakis A, Roden DM; All of Us Research Program.","Patterns (N Y). 2022 Aug 12;3(8):100570. doi: 10.1016/j.patter.2022.100570. eCollection 2022 Aug 12.","Ramirez AH","Patterns (N Y)","2022","2022/08/29","PMC9403360","","10.1016/j.patter.2022.100570"
"30943961","Special issue of BMC medical informatics and decision making on health natural language processing","Vydiswaran VGV, Zhang Y, Wang Y, Xu H.","BMC Med Inform Decis Mak. 2019 Apr 4;19(Suppl 3):76. doi: 10.1186/s12911-019-0777-0.","Vydiswaran VGV","BMC Med Inform Decis Mak","2019","2019/04/05","PMC6448180","","10.1186/s12911-019-0777-0"
"33059366","The UMLS knowledge sources at 30: indispensable to current research and applications in biomedical informatics","Humphreys BL, Del Fiol G, Xu H.","J Am Med Inform Assoc. 2020 Oct 1;27(10):1499-1501. doi: 10.1093/jamia/ocaa208.","Humphreys BL","J Am Med Inform Assoc","2020","2020/10/15","PMC7647371","","10.1093/jamia/ocaa208"
"25810773","The CHEMDNER corpus of chemicals and drugs and its annotation principles","Krallinger M, Rabal O, Leitner F, Vazquez M, Salgado D, Lu Z, Leaman R, Lu Y, Ji D, Lowe DM, Sayle RA, Batista-Navarro RT, Rak R, Huber T, Rocktäschel T, Matos S, Campos D, Tang B, Xu H, Munkhdalai T, Ryu KH, Ramanan SV, Nathan S, Žitnik S, Bajec M, Weber L, Irmer M, Akhondi SA, Kors JA, Xu S, An X, Sikdar UK, Ekbal A, Yoshioka M, Dieb TM, Choi M, Verspoor K, Khabsa M, Giles CL, Liu H, Ravikumar KE, Lamurias A, Couto FM, Dai HJ, Tsai RT, Ata C, Can T, Usié A, Alves R, Segura-Bedmar I, Martínez P, Oyarzabal J, Valencia A.","J Cheminform. 2015 Jan 19;7(Suppl 1 Text mining for chemistry and the CHEMDNER track):S2. doi: 10.1186/1758-2946-7-S1-S2. eCollection 2015.","Krallinger M","J Cheminform","2015","2015/03/27","PMC4331692","","10.1186/1758-2946-7-S1-S2"
"37301740","Systematic design and data-driven evaluation of social determinants of health ontology (SDoHO)","Dang Y, Li F, Hu X, Keloth VK, Zhang M, Fu S, Amith MF, Fan JW, Du J, Yu E, Liu H, Jiang X, Xu H, Tao C.","J Am Med Inform Assoc. 2023 Aug 18;30(9):1465-1473. doi: 10.1093/jamia/ocad096.","Dang Y","J Am Med Inform Assoc","2023","2023/06/10","PMC10436148","","10.1093/jamia/ocad096"
"29202203","User needs analysis and usability assessment of DataMed - a biomedical data discovery index","Dixit R, Rogith D, Narayana V, Salimi M, Gururaj A, Ohno-Machado L, Xu H, Johnson TR.","J Am Med Inform Assoc. 2018 Mar 1;25(3):337-344. doi: 10.1093/jamia/ocx134.","Dixit R","J Am Med Inform Assoc","2018","2017/12/05","PMC7378884","","10.1093/jamia/ocx134"
"34151987","The application of artificial intelligence and data integration in COVID-19 studies: a scoping review","Guo Y, Zhang Y, Lyu T, Prosperi M, Wang F, Xu H, Bian J.","J Am Med Inform Assoc. 2021 Aug 13;28(9):2050-2067. doi: 10.1093/jamia/ocab098.","Guo Y","J Am Med Inform Assoc","2021","2021/06/21","PMC8344463","","10.1093/jamia/ocab098"
"35917480","Assessment of Electronic Health Record for Cancer Research and Patient Care Through a Scoping Review of Cancer Natural Language Processing","Wang L, Fu S, Wen A, Ruan X, He H, Liu S, Moon S, Mai M, Riaz IB, Wang N, Yang P, Xu H, Warner JL, Liu H.","JCO Clin Cancer Inform. 2022 Jul;6:e2200006. doi: 10.1200/CCI.22.00006.","Wang L","JCO Clin Cancer Inform","2022","2022/08/02","PMC9470142","","10.1200/CCI.22.00006"
"35426943","Combining human and machine intelligence for clinical trial eligibility querying","Fang Y, Idnay B, Sun Y, Liu H, Chen Z, Marder K, Xu H, Schnall R, Weng C.","J Am Med Inform Assoc. 2022 Jun 14;29(7):1161-1171. doi: 10.1093/jamia/ocac051.","Fang Y","J Am Med Inform Assoc","2022","2022/04/15","PMC9196697","","10.1093/jamia/ocac051"
"35725267","Protocol for the development of a reporting guideline for causal and counterfactual prediction models in biomedicine","Xu J, Guo Y, Wang F, Xu H, Lucero R, Bian J, Prosperi M.","BMJ Open. 2022 Jun 20;12(6):e059715. doi: 10.1136/bmjopen-2021-059715.","Xu J","BMJ Open","2022","2022/06/20","PMC9214357","","10.1136/bmjopen-2021-059715"
"32477646","BERT-based Ranking for Biomedical Entity Normalization","Ji Z, Wei Q, Xu H.","AMIA Jt Summits Transl Sci Proc. 2020 May 30;2020:269-277. eCollection 2020.","Ji Z","AMIA Jt Summits Transl Sci Proc","2020","2020/06/02","PMC7233044","",""
"35311707","Risk of Developing Alzheimer's Disease and Related Dementias in Association with Cardiovascular Disease, Stroke, Hypertension, and Diabetes in a Large Cohort of Women with Breast Cancer and with up to 26 Years of Follow-Up","Du XL, Song L, Schulz PE, Xu H, Chan W.","J Alzheimers Dis. 2022;87(1):415-432. doi: 10.3233/JAD-215657.","Du XL","J Alzheimers Dis","2022","2022/03/21","PMC9117151","NIHMS1803870","10.3233/JAD-215657"
"28984180","CNN-based ranking for biomedical entity normalization","Li H, Chen Q, Tang B, Wang X, Xu H, Wang B, Huang D.","BMC Bioinformatics. 2017 Oct 3;18(Suppl 11):385. doi: 10.1186/s12859-017-1805-7.","Li H","BMC Bioinformatics","2017","2017/10/07","PMC5629610","","10.1186/s12859-017-1805-7"
"28815141","Identifying Metastases-related Information from Pathology Reports of Lung Cancer Patients","Soysal E, Warner JL, Denny JC, Xu H.","AMIA Jt Summits Transl Sci Proc. 2017 Jul 26;2017:268-277. eCollection 2017.","Soysal E","AMIA Jt Summits Transl Sci Proc","2017","2017/08/18","PMC5543353","",""
"32930711","Representation of EHR data for predictive modeling: a comparison between UMLS and other terminologies","Rasmy L, Tiryaki F, Zhou Y, Xiang Y, Tao C, Xu H, Zhi D.","J Am Med Inform Assoc. 2020 Oct 1;27(10):1593-1599. doi: 10.1093/jamia/ocaa180.","Rasmy L","J Am Med Inform Assoc","2020","2020/09/15","PMC7647355","","10.1093/jamia/ocaa180"
"26210361","Ease of adoption of clinical natural language processing software: An evaluation of five systems","Zheng K, Vydiswaran VGV, Liu Y, Wang Y, Stubbs A, Uzuner Ö, Gururaj AE, Bayer S, Aberdeen J, Rumshisky A, Pakhomov S, Liu H, Xu H.","J Biomed Inform. 2015 Dec;58 Suppl(Suppl):S189-S196. doi: 10.1016/j.jbi.2015.07.008. Epub 2015 Jul 22.","Zheng K","J Biomed Inform","2015","2015/07/27","PMC4974203","NIHMS806564","10.1016/j.jbi.2015.07.008"
"28399866","Evaluating the role of race and medication in protection of uterine fibroids by type 2 diabetes exposure","Velez Edwards DR, Hartmann KE, Wellons M, Shah A, Xu H, Edwards TL.","BMC Womens Health. 2017 Apr 11;17(1):28. doi: 10.1186/s12905-017-0386-y.","Velez Edwards DR","BMC Womens Health","2017","2017/04/13","PMC5387248","","10.1186/s12905-017-0386-y"
"36093703","Associations Between Vascular Diseases and Alzheimer's Disease or Related Dementias in a Large Cohort of Men and Women with Colorectal Cancer","Du XL, Song L, Schulz PE, Xu H, Chan W.","J Alzheimers Dis. 2022;90(1):211-231. doi: 10.3233/JAD-220548.","Du XL","J Alzheimers Dis","2022","2022/09/12","PMC9661325","","10.3233/JAD-220548"
"37390046","A guide to the BRAIN Initiative Cell Census Network data ecosystem","Hawrylycz M, Martone ME, Ascoli GA, Bjaalie JG, Dong HW, Ghosh SS, Gillis J, Hertzano R, Haynor DR, Hof PR, Kim Y, Lein E, Liu Y, Miller JA, Mitra PP, Mukamel E, Ng L, Osumi-Sutherland D, Peng H, Ray PL, Sanchez R, Regev A, Ropelewski A, Scheuermann RH, Tan SZK, Thompson CL, Tickle T, Tilgner H, Varghese M, Wester B, White O, Zeng H, Aevermann B, Allemang D, Ament S, Athey TL, Baker C, Baker KS, Baker PM, Bandrowski A, Banerjee S, Bishwakarma P, Carr A, Chen M, Choudhury R, Cool J, Creasy H, D'Orazi F, Degatano K, Dichter B, Ding SL, Dolbeare T, Ecker JR, Fang R, Fillion-Robin JC, Fliss TP, Gee J, Gillespie T, Gouwens N, Zhang GQ, Halchenko YO, Harris NL, Herb BR, Hintiryan H, Hood G, Horvath S, Huo B, Jarecka D, Jiang S, Khajouei F, Kiernan EA, Kir H, Kruse L, Lee C, Lelieveldt B, Li Y, Liu H, Liu L, Markuhar A, Mathews J, Mathews KL, Mezias C, Miller MI, Mollenkopf T, Mufti S, Mungall CJ, Orvis J, Puchades MA, Qu L, Receveur JP, Ren B, Sjoquist N, Staats B, Tward D, van Velthoven CTJ, Wang Q, Xie F, Xu H, Yao Z, Yun Z, et al.","PLoS Biol. 2023 Jun 30;21(6):e3002133. doi: 10.1371/journal.pbio.3002133. eCollection 2023 Jun.","Hawrylycz M","PLoS Biol","2023","2023/06/30","PMC10313015","","10.1371/journal.pbio.3002133"
"28984210","A systematic analysis of FDA-approved anticancer drugs","Sun J, Wei Q, Zhou Y, Wang J, Liu Q, Xu H.","BMC Syst Biol. 2017 Oct 3;11(Suppl 5):87. doi: 10.1186/s12918-017-0464-7.","Sun J","BMC Syst Biol","2017","2017/10/07","PMC5629554","","10.1186/s12918-017-0464-7"
"30961602","A fine-grained Chinese word segmentation and part-of-speech tagging corpus for clinical text","Xiong Y, Wang Z, Jiang D, Wang X, Chen Q, Xu H, Yan J, Tang B.","BMC Med Inform Decis Mak. 2019 Apr 9;19(Suppl 2):66. doi: 10.1186/s12911-019-0770-7.","Xiong Y","BMC Med Inform Decis Mak","2019","2019/04/10","PMC6454584","","10.1186/s12911-019-0770-7"
"24878722","Computational methods for omics data","Zhao Z, Zhang B, Huang Y, Xu H, McDermott JE.","Int J Comput Biol Drug Des. 2014;7(2-3):97-101. doi: 10.1504/IJCBDD.2014. Epub 2014 May 28.","Zhao Z","Int J Comput Biol Drug Des","2014","2014/06/01","","","10.1504/IJCBDD.2014"
"32364754","Efficient and Accurate Extracting of Unstructured EHRs on Cancer Therapy Responses for the Development of RECIST Natural Language Processing Tools: Part I, the Corpus","Li Y, Luo YH, Wampfler JA, Rubinstein SM, Tiryaki F, Ashok K 5th, Warner JL, Xu H, Yang P.","JCO Clin Cancer Inform. 2020 May;4:383-391. doi: 10.1200/CCI.19.00147.","Li Y","JCO Clin Cancer Inform","2020","2020/05/05","PMC7265793","","10.1200/CCI.19.00147"
"30646124","Association of Hemoglobin A1c Levels With Use of Sulfonylureas, Dipeptidyl Peptidase 4 Inhibitors, and Thiazolidinediones in Patients With Type 2 Diabetes Treated With Metformin: Analysis From the Observational Health Data Sciences and Informatics Initiative","Vashisht R, Jung K, Schuler A, Banda JM, Park RW, Jin S, Li L, Dudley JT, Johnson KW, Shervey MM, Xu H, Wu Y, Natrajan K, Hripcsak G, Jin P, Van Zandt M, Reckard A, Reich CG, Weaver J, Schuemie MJ, Ryan PB, Callahan A, Shah NH.","JAMA Netw Open. 2018 Aug 3;1(4):e181755. doi: 10.1001/jamanetworkopen.2018.1755.","Vashisht R","JAMA Netw Open","2018","2019/01/16","PMC6324274","","10.1001/jamanetworkopen.2018.1755"
"27732699","Evaluation of a Prediction Model for the Development of Atrial Fibrillation in a Repository of Electronic Medical Records","Kolek MJ, Graves AJ, Xu M, Bian A, Teixeira PL, Shoemaker MB, Parvez B, Xu H, Heckbert SR, Ellinor PT, Benjamin EJ, Alonso A, Denny JC, Moons KG, Shintani AK, Harrell FE Jr, Roden DM, Darbar D.","JAMA Cardiol. 2016 Dec 1;1(9):1007-1013. doi: 10.1001/jamacardio.2016.3366.","Kolek MJ","JAMA Cardiol","2016","2016/10/13","PMC5293184","NIHMS846282","10.1001/jamacardio.2016.3366"
"31265066","Enhancing clinical concept extraction with contextual embeddings","Si Y, Wang J, Xu H, Roberts K.","J Am Med Inform Assoc. 2019 Nov 1;26(11):1297-1304. doi: 10.1093/jamia/ocz096.","Si Y","J Am Med Inform Assoc","2019","2019/07/03","PMC6798561","","10.1093/jamia/ocz096"
"30421323","Analysis of treatment pathways for three chronic diseases using OMOP CDM","Zhang X, Wang L, Miao S, Xu H, Yin Y, Zhu Y, Dai Z, Shan T, Jing S, Wang J, Zhang X, Huang Z, Wang Z, Guo J, Liu Y.","J Med Syst. 2018 Nov 13;42(12):260. doi: 10.1007/s10916-018-1076-5.","Zhang X","J Med Syst","2018","2018/11/14","PMC6244882","","10.1007/s10916-018-1076-5"
"33795676","Presence of complete murine viral genome sequences in patient-derived xenografts","Yuan Z, Fan X, Zhu JJ, Fu TM, Wu J, Xu H, Zhang N, An Z, Zheng WJ.","Nat Commun. 2021 Apr 1;12(1):2031. doi: 10.1038/s41467-021-22200-5.","Yuan Z","Nat Commun","2021","2021/04/02","PMC8017013","","10.1038/s41467-021-22200-5"
"36417585","Sentiment Analysis of Insomnia-Related Tweets via a Combination of Transformers Using Dempster-Shafer Theory: Pre- and Peri-COVID-19 Pandemic Retrospective Study","Maghsoudi A, Nowakowski S, Agrawal R, Sharafkhaneh A, Kunik ME, Naik AD, Xu H, Razjouyan J.","J Med Internet Res. 2022 Dec 27;24(12):e41517. doi: 10.2196/41517.","Maghsoudi A","J Med Internet Res","2022","2022/11/23","PMC9822178","","10.2196/41517"
"29295217","Expressing Biomedical Ontologies in Natural Language for Expert Evaluation","Amith M, Manion FJ, Harris MR, Zhang Y, Xu H, Tao C.","Stud Health Technol Inform. 2017;245:838-842.","Amith M","Stud Health Technol Inform","2017","2018/01/04","PMC6644701","NIHMS1041531",""
"27107438","Automated identification of molecular effects of drugs (AIMED)","Fathiamini S, Johnson AM, Zeng J, Araya A, Holla V, Bailey AM, Litzenburger BC, Sanchez NS, Khotskaya Y, Xu H, Meric-Bernstam F, Bernstam EV, Cohen T.","J Am Med Inform Assoc. 2016 Jul;23(4):758-65. doi: 10.1093/jamia/ocw030. Epub 2016 Apr 23.","Fathiamini S","J Am Med Inform Assoc","2016","2016/04/24","PMC4926748","","10.1093/jamia/ocw030"
"30700331","Temporal indexing of medical entity in Chinese clinical notes","Liu Z, Wang X, Chen Q, Tang B, Xu H.","BMC Med Inform Decis Mak. 2019 Jan 31;19(Suppl 1):17. doi: 10.1186/s12911-019-0735-x.","Liu Z","BMC Med Inform Decis Mak","2019","2019/02/01","PMC6354334","","10.1186/s12911-019-0735-x"
"29346583","DataMed - an open source discovery index for finding biomedical datasets","Chen X, Gururaj AE, Ozyurt B, Liu R, Soysal E, Cohen T, Tiryaki F, Li Y, Zong N, Jiang M, Rogith D, Salimi M, Kim HE, Rocca-Serra P, Gonzalez-Beltran A, Farcas C, Johnson T, Margolis R, Alter G, Sansone SA, Fore IM, Ohno-Machado L, Grethe JS, Xu H.","J Am Med Inform Assoc. 2018 Mar 1;25(3):300-308. doi: 10.1093/jamia/ocx121.","Chen X","J Am Med Inform Assoc","2018","2018/01/19","PMC7378878","","10.1093/jamia/ocx121"
"35709900","Discovering novel drug-supplement interactions using SuppKG generated from the biomedical literature","Schutte D, Vasilakes J, Bompelli A, Zhou Y, Fiszman M, Xu H, Kilicoglu H, Bishop JR, Adam T, Zhang R.","J Biomed Inform. 2022 Jul;131:104120. doi: 10.1016/j.jbi.2022.104120. Epub 2022 Jun 13.","Schutte D","J Biomed Inform","2022","2022/06/16","PMC9335448","NIHMS1821991","10.1016/j.jbi.2022.104120"
"26539502","Classification of Cancer Primary Sites Using Machine Learning and Somatic Mutations","Chen Y, Sun J, Huang LC, Xu H, Zhao Z.","Biomed Res Int. 2015;2015:491502. doi: 10.1155/2015/491502. Epub 2015 Oct 11.","Chen Y","Biomed Res Int","2015","2015/11/06","PMC4619847","","10.1155/2015/491502"
"31550346","Extracting entities with attributes in clinical text via joint deep learning","Shi X, Yi Y, Xiong Y, Tang B, Chen Q, Wang X, Ji Z, Zhang Y, Xu H.","J Am Med Inform Assoc. 2019 Dec 1;26(12):1584-1591. doi: 10.1093/jamia/ocz158.","Shi X","J Am Med Inform Assoc","2019","2019/09/25","PMC7647140","","10.1093/jamia/ocz158"
"32626900","Learning from local to global: An efficient distributed algorithm for modeling time-to-event data","Duan R, Luo C, Schuemie MJ, Tong J, Liang CJ, Chang HH, Boland MR, Bian J, Xu H, Holmes JH, Forrest CB, Morton SC, Berlin JA, Moore JH, Mahoney KB, Chen Y.","J Am Med Inform Assoc. 2020 Jul 1;27(7):1028-1036. doi: 10.1093/jamia/ocaa044.","Duan R","J Am Med Inform Assoc","2020","2020/07/07","PMC7647322","","10.1093/jamia/ocaa044"
"35181495","Novel informatics approaches to COVID-19 Research: From methods to applications","Xu H, Buckeridge DL, Wang F, Tarczy-Hornoch P.","J Biomed Inform. 2022 May;129:104028. doi: 10.1016/j.jbi.2022.104028. Epub 2022 Feb 16.","Xu H","J Biomed Inform","2022","2022/02/19","PMC8847074","","10.1016/j.jbi.2022.104028"
"34051088","Privacy-protecting, reliable response data discovery using COVID-19 patient observations","Kim J, Neumann L, Paul P, Day ME, Aratow M, Bell DS, Doctor JN, Hinske LC, Jiang X, Kim KK, Matheny ME, Meeker D, Pletcher MJ, Schilling LM, SooHoo S, Xu H, Zheng K, Ohno-Machado L; R2D2 Consortium.","J Am Med Inform Assoc. 2021 Jul 30;28(8):1765-1776. doi: 10.1093/jamia/ocab054.","Kim J","J Am Med Inform Assoc","2021","2021/05/29","PMC8194878","","10.1093/jamia/ocab054"
"30066665","Extracting psychiatric stressors for suicide from social media using deep learning","Du J, Zhang Y, Luo J, Jia Y, Wei Q, Tao C, Xu H.","BMC Med Inform Decis Mak. 2018 Jul 23;18(Suppl 2):43. doi: 10.1186/s12911-018-0632-8.","Du J","BMC Med Inform Decis Mak","2018","2018/08/02","PMC6069295","","10.1186/s12911-018-0632-8"
"27013523","Extracting genetic alteration information for personalized cancer therapy from ClinicalTrials.gov","Xu J, Lee HJ, Zeng J, Wu Y, Zhang Y, Huang LC, Johnson A, Holla V, Bailey AM, Cohen T, Meric-Bernstam F, Bernstam EV, Xu H.","J Am Med Inform Assoc. 2016 Jul;23(4):750-7. doi: 10.1093/jamia/ocw009. Epub 2016 Mar 24.","Xu J","J Am Med Inform Assoc","2016","2016/03/26","PMC4926744","","10.1093/jamia/ocw009"
"25810779","A comparison of conditional random fields and structured support vector machines for chemical entity recognition in biomedical literature","Tang B, Feng Y, Wang X, Wu Y, Zhang Y, Jiang M, Wang J, Xu H.","J Cheminform. 2015 Jan 19;7(Suppl 1 Text mining for chemistry and the CHEMDNER track):S8. doi: 10.1186/1758-2946-7-S1-S8. eCollection 2015.","Tang B","J Cheminform","2015","2015/03/27","PMC4331698","","10.1186/1758-2946-7-S1-S8"
"26063745","Domain adaptation for semantic role labeling of clinical text","Zhang Y, Tang B, Jiang M, Wang J, Xu H.","J Am Med Inform Assoc. 2015 Sep;22(5):967-79. doi: 10.1093/jamia/ocu048. Epub 2015 Jun 10.","Zhang Y","J Am Med Inform Assoc","2015","2015/06/12","PMC4986662","","10.1093/jamia/ocu048"
"31294792","Cost-aware active learning for named entity recognition in clinical text","Wei Q, Chen Y, Salimi M, Denny JC, Mei Q, Lasko TA, Chen Q, Wu S, Franklin A, Cohen T, Xu H.","J Am Med Inform Assoc. 2019 Nov 1;26(11):1314-1322. doi: 10.1093/jamia/ocz102.","Wei Q","J Am Med Inform Assoc","2019","2019/07/12","PMC6798575","","10.1093/jamia/ocz102"
"28699566","Entity recognition from clinical texts via recurrent neural network","Liu Z, Yang M, Wang X, Chen Q, Tang B, Wang Z, Xu H.","BMC Med Inform Decis Mak. 2017 Jul 5;17(Suppl 2):67. doi: 10.1186/s12911-017-0468-7.","Liu Z","BMC Med Inform Decis Mak","2017","2017/07/13","PMC5506598","","10.1186/s12911-017-0468-7"
"28546571","Finding useful data across multiple biomedical data repositories using DataMed","Ohno-Machado L, Sansone SA, Alter G, Fore I, Grethe J, Xu H, Gonzalez-Beltran A, Rocca-Serra P, Gururaj AE, Bell E, Soysal E, Zong N, Kim HE.","Nat Genet. 2017 May 26;49(6):816-819. doi: 10.1038/ng.3864.","Ohno-Machado L","Nat Genet","2017","2017/05/27","PMC6460922","NIHMS942353","10.1038/ng.3864"
"29854252","Clinical Named Entity Recognition Using Deep Learning Models","Wu Y, Jiang M, Xu J, Zhi D, Xu H.","AMIA Annu Symp Proc. 2018 Apr 16;2017:1812-1819. eCollection 2017.","Wu Y","AMIA Annu Symp Proc","2018","2018/06/02","PMC5977567","",""
"24347408","A comprehensive study of named entity recognition in Chinese clinical text","Lei J, Tang B, Lu X, Gao K, Jiang M, Xu H.","J Am Med Inform Assoc. 2014 Sep-Oct;21(5):808-14. doi: 10.1136/amiajnl-2013-002381. Epub 2013 Dec 17.","Lei J","J Am Med Inform Assoc","2014","2013/12/19","PMC4147609","","10.1136/amiajnl-2013-002381"
"32626903","Time event ontology (TEO): to support semantic representation and reasoning of complex temporal relations of clinical events","Li F, Du J, He Y, Song HY, Madkour M, Rao G, Xiang Y, Luo Y, Chen HW, Liu S, Wang L, Liu H, Xu H, Tao C.","J Am Med Inform Assoc. 2020 Jul 1;27(7):1046-1056. doi: 10.1093/jamia/ocaa058.","Li F","J Am Med Inform Assoc","2020","2020/07/07","PMC7647306","","10.1093/jamia/ocaa058"
"30943955","Parsing clinical text using the state-of-the-art deep learning based parsers: a systematic comparison","Zhang Y, Tiryaki F, Jiang M, Xu H.","BMC Med Inform Decis Mak. 2019 Apr 4;19(Suppl 3):77. doi: 10.1186/s12911-019-0783-2.","Zhang Y","BMC Med Inform Decis Mak","2019","2019/04/05","PMC6448179","","10.1186/s12911-019-0783-2"
"35005421","From Tokenization to Self-Supervision: Building a High-Performance Information Extraction System for Chemical Reactions in Patents","Wang J, Ren Y, Zhang Z, Xu H, Zhang Y.","Front Res Metr Anal. 2021 Dec 22;6:691105. doi: 10.3389/frma.2021.691105. eCollection 2021.","Wang J","Front Res Metr Anal","2021","2022/01/10","PMC8727901","","10.3389/frma.2021.691105"
"30066643","Identifying direct temporal relations between time and events from clinical notes","Lee HJ, Zhang Y, Jiang M, Xu J, Tao C, Xu H.","BMC Med Inform Decis Mak. 2018 Jul 23;18(Suppl 2):49. doi: 10.1186/s12911-018-0627-5.","Lee HJ","BMC Med Inform Decis Mak","2018","2018/08/02","PMC6069692","","10.1186/s12911-018-0627-5"
"32308921","Relation Extraction from Clinical Narratives Using Pre-trained Language Models","Wei Q, Ji Z, Si Y, Du J, Wang J, Tiryaki F, Wu S, Tao C, Roberts K, Xu H.","AMIA Annu Symp Proc. 2020 Mar 4;2019:1236-1245. eCollection 2019.","Wei Q","AMIA Annu Symp Proc","2020","2020/04/21","PMC7153059","",""
"27016700","CD-REST: a system for extracting chemical-induced disease relation in literature","Xu J, Wu Y, Zhang Y, Wang J, Lee HJ, Xu H.","Database (Oxford). 2016 Mar 25;2016:baw036. doi: 10.1093/database/baw036. Print 2016.","Xu J","Database (Oxford)","2016","2016/03/27","PMC4808251","","10.1093/database/baw036"
"24729964","Evaluating word representation features in biomedical named entity recognition tasks","Tang B, Cao H, Wang X, Chen Q, Xu H.","Biomed Res Int. 2014;2014:240403. doi: 10.1155/2014/240403. Epub 2014 Mar 6.","Tang B","Biomed Res Int","2014","2014/04/15","PMC3963372","","10.1155/2014/240403"
"25025078","Integrative genomics and computational systems medicine","McDermott JE, Huang Y, Zhang B, Xu H, Zhao Z.","Biomed Res Int. 2014;2014:945253. doi: 10.1155/2014/945253. Epub 2014 Jun 15.","McDermott JE","Biomed Res Int","2014","2014/07/16","PMC4082850","","10.1155/2014/945253"
"26955465","Extracting drug-enzyme relation from literature as evidence for drug drug interaction","Zhang Y, Wu HY, Du J, Xu J, Wang J, Tao C, Li L, Xu H.","J Biomed Semantics. 2016 Mar 7;7:11. doi: 10.1186/s13326-016-0052-6. eCollection 2016.","Zhang Y","J Biomed Semantics","2016","2016/03/09","PMC4780188","","10.1186/s13326-016-0052-6"
"33936520","Normalizing Clinical Document Titles to LOINC Document Ontology: an Initial Study","Zuo X, Li J, Zhao B, Zhou Y, Dong X, Duke J, Natarajan K, Hripcsak G, Shah N, Banda JM, Reeves R, Miller T, Xu H.","AMIA Annu Symp Proc. 2021 Jan 25;2020:1441-1450. eCollection 2020.","Zuo X","AMIA Annu Symp Proc","2021","2021/05/03","PMC8075502","",""
"29635469","Toward a normalized clinical drug knowledge base in China-applying the RxNorm model to Chinese clinical drugs","Wang L, Zhang Y, Jiang M, Wang J, Dong J, Liu Y, Tao C, Jiang G, Zhou Y, Xu H.","J Am Med Inform Assoc. 2018 Jul 1;25(7):809-818. doi: 10.1093/jamia/ocy020.","Wang L","J Am Med Inform Assoc","2018","2018/04/11","PMC7647010","","10.1093/jamia/ocy020"
"34457154","A Comparison between Human and NLP-based Annotation of Clinical Trial Eligibility Criteria Text Using The OMOP Common Data Model","Li X, Liu H, Kury F, Yuan C, Butler A, Sun Y, Ostropolets A, Xu H, Weng C.","AMIA Jt Summits Transl Sci Proc. 2021 May 17;2021:394-403. eCollection 2021.","Li X","AMIA Jt Summits Transl Sci Proc","2021","2021/08/30","PMC8378608","",""
"25672365","Trends and variations in breast and colorectal cancer incidence from 1995 to 2011: a comparative study between Texas Cancer Registry and National Cancer Institute's Surveillance, Epidemiology and End Results data","Liu Z, Zhang Y, Franzin L, Cormier JN, Chan W, Xu H, Du XL.","Int J Oncol. 2015 Apr;46(4):1819-26. doi: 10.3892/ijo.2015.2881. Epub 2015 Feb 6.","Liu Z","Int J Oncol","2015","2015/02/13","PMC4356494","","10.3892/ijo.2015.2881"
"36068551","A comparative study of pre-trained language models for named entity recognition in clinical trial eligibility criteria from multiple corpora","Li J, Wei Q, Ghiasvand O, Chen M, Lobanov V, Weng C, Xu H.","BMC Med Inform Decis Mak. 2022 Sep 6;22(Suppl 3):235. doi: 10.1186/s12911-022-01967-7.","Li J","BMC Med Inform Decis Mak","2022","2022/09/06","PMC9450226","","10.1186/s12911-022-01967-7"
"28269935","An Empirical Study for Impacts of Measurement Errors on EHR based Association Studies","Duan R, Cao M, Wu Y, Huang J, Denny JC, Xu H, Chen Y.","AMIA Annu Symp Proc. 2017 Feb 10;2016:1764-1773. eCollection 2016.","Duan R","AMIA Annu Symp Proc","2017","2017/03/09","PMC5333313","",""
"28865443","Investigating MicroRNA and transcription factor co-regulatory networks in colorectal cancer","Wang H, Luo J, Liu C, Niu H, Wang J, Liu Q, Zhao Z, Xu H, Ding Y, Sun J, Zhang Q.","BMC Bioinformatics. 2017 Sep 2;18(1):388. doi: 10.1186/s12859-017-1796-4.","Wang H","BMC Bioinformatics","2017","2017/09/04","PMC5581471","","10.1186/s12859-017-1796-4"
"32918447","SCOR: A secure international informatics infrastructure to investigate COVID-19","Raisaro JL, Marino F, Troncoso-Pastoriza J, Beau-Lejdstrom R, Bellazzi R, Murphy R, Bernstam EV, Wang H, Bucalo M, Chen Y, Gottlieb A, Harmanci A, Kim M, Kim Y, Klann J, Klersy C, Malin BA, Méan M, Prasser F, Scudeller L, Torkamani A, Vaucher J, Puppala M, Wong STC, Frenkel-Morgenstern M, Xu H, Musa BM, Habib AG, Cohen T, Wilcox A, Salihu HM, Sofia H, Jiang X, Hubaux JP.","J Am Med Inform Assoc. 2020 Nov 1;27(11):1721-1726. doi: 10.1093/jamia/ocaa172.","Raisaro JL","J Am Med Inform Assoc","2020","2020/09/12","PMC7454652","","10.1093/jamia/ocaa172"
"28624644","Psychiatric symptom recognition without labeled data using distributional representations of phrases and on-line knowledge","Zhang Y, Zhang O, Wu Y, Lee HJ, Xu J, Xu H, Roberts K.","J Biomed Inform. 2017 Nov;75S:S129-S137. doi: 10.1016/j.jbi.2017.06.014. Epub 2017 Jun 15.","Zhang Y","J Biomed Inform","2017","2017/06/19","PMC5705397","NIHMS890851","10.1016/j.jbi.2017.06.014"
"30866708","Exploring temporal suicidal behavior patterns on social media: Insight from Twitter analytics","Luo J, Du J, Tao C, Xu H, Zhang Y.","Health Informatics J. 2020 Jun;26(2):738-752. doi: 10.1177/1460458219832043. Epub 2019 Mar 14.","Luo J","Health Informatics J","2020","2019/03/15","","","10.1177/1460458219832043"
"30597747","Detecting pioglitazone use and risk of cardiovascular events using electronic health record data in a large cohort of Chinese patients with type 2 diabetes","Miao S, Dong X, Zhang X, Jing S, Zhang X, Xu T, Wang L, Du X, Xu H, Liu Y.","J Diabetes. 2019 Aug;11(8):684-689. doi: 10.1111/1753-0407.12894. Epub 2019 Feb 5.","Miao S","J Diabetes","2019","2019/01/01","PMC6850402","","10.1111/1753-0407.12894"
"31135882","A study of deep learning approaches for medication and adverse drug event extraction from clinical text","Wei Q, Ji Z, Li Z, Du J, Wang J, Xu J, Xiang Y, Tiryaki F, Wu S, Zhang Y, Tao C, Xu H.","J Am Med Inform Assoc. 2020 Jan 1;27(1):13-21. doi: 10.1093/jamia/ocz063.","Wei Q","J Am Med Inform Assoc","2020","2019/05/29","PMC6913210","","10.1093/jamia/ocz063"
"34272955","Are synthetic clinical notes useful for real natural language processing tasks: A case study on clinical entity recognition","Li J, Zhou Y, Jiang X, Natarajan K, Pakhomov SV, Liu H, Xu H.","J Am Med Inform Assoc. 2021 Sep 18;28(10):2193-2201. doi: 10.1093/jamia/ocab112.","Li J","J Am Med Inform Assoc","2021","2021/07/17","PMC8449609","","10.1093/jamia/ocab112"
"28363289","Identification of adverse drug-drug interactions through causal association rule discovery from spontaneous adverse event reports","Cai R, Liu M, Hu Y, Melton BL, Matheny ME, Xu H, Duan L, Waitman LR.","Artif Intell Med. 2017 Feb;76:7-15. doi: 10.1016/j.artmed.2017.01.004. Epub 2017 Feb 10.","Cai R","Artif Intell Med","2017","2017/04/02","PMC6438384","NIHMS1514369","10.1016/j.artmed.2017.01.004"
"30815201","Clinical text annotation - what factors are associated with the cost of time?","Wei Q, Franklin A, Cohen T, Xu H.","AMIA Annu Symp Proc. 2018 Dec 5;2018:1552-1560. eCollection 2018.","Wei Q","AMIA Annu Symp Proc","2018","2019/03/01","PMC6371268","",""
"26841718","Toward Repurposing Metformin as a Precision Anti-Cancer Therapy Using Structural Systems Pharmacology","Hart T, Dider S, Han W, Xu H, Zhao Z, Xie L.","Sci Rep. 2016 Feb 4;6:20441. doi: 10.1038/srep20441.","Hart T","Sci Rep","2016","2016/02/05","PMC4740793","","10.1038/srep20441"
"26958274","Citation Sentiment Analysis in Clinical Trial Papers","Xu J, Zhang Y, Wu Y, Wang J, Dong X, Xu H.","AMIA Annu Symp Proc. 2015 Nov 5;2015:1334-41. eCollection 2015.","Xu J","AMIA Annu Symp Proc","2015","2016/03/10","PMC4765697","",""
"29584896","Interactive medical word sense disambiguation through informed learning","Wang Y, Zheng K, Xu H, Mei Q.","J Am Med Inform Assoc. 2018 Jul 1;25(7):800-808. doi: 10.1093/jamia/ocy013.","Wang Y","J Am Med Inform Assoc","2018","2018/03/28","PMC6658868","","10.1093/jamia/ocy013"
"33317519","Conversational ontology operator: patient-centric vaccine dialogue management engine for spoken conversational agents","Amith M, Lin RZ, Cui L, Wang D, Zhu A, Xiong G, Xu H, Roberts K, Tao C.","BMC Med Inform Decis Mak. 2020 Dec 14;20(Suppl 4):259. doi: 10.1186/s12911-020-01267-y.","Amith M","BMC Med Inform Decis Mak","2020","2020/12/15","PMC7734717","","10.1186/s12911-020-01267-y"
"29623592","A Retrospective Cohort Study of Patients with Type 2 Diabetes in China: Associations of Hypoglycemia with Health Care Resource Utilization and Associated Costs","Yi Y, Li Y, Hou A, Ge Y, Xu Y, Xiong G, Yang X, Acevedo SA, Shi L, Xu H.","Diabetes Ther. 2018 Jun;9(3):1073-1082. doi: 10.1007/s13300-018-0409-1. Epub 2018 Apr 5.","Yi Y","Diabetes Ther","2018","2018/04/07","PMC5984912","","10.1007/s13300-018-0409-1"
"32735224","Asthma Exacerbation Prediction and Risk Factor Analysis Based on a Time-Sensitive, Attentive Neural Network: Retrospective Cohort Study","Xiang Y, Ji H, Zhou Y, Li F, Du J, Rasmy L, Wu S, Zheng WJ, Xu H, Zhi D, Zhang Y, Tao C.","J Med Internet Res. 2020 Jul 31;22(7):e16981. doi: 10.2196/16981.","Xiang Y","J Med Internet Res","2020","2020/08/01","PMC7428917","","10.2196/16981"
"23566040","Recognizing clinical entities in hospital discharge summaries using Structural Support Vector Machines with word representation features","Tang B, Cao H, Wu Y, Jiang M, Xu H.","BMC Med Inform Decis Mak. 2013;13 Suppl 1(Suppl 1):S1. doi: 10.1186/1472-6947-13-S1-S1. Epub 2013 Apr 5.","Tang B","BMC Med Inform Decis Mak","2013","2013/04/10","PMC3618243","","10.1186/1472-6947-13-S1-S1"
"32298846","A study of entity-linking methods for normalizing Chinese diagnosis and procedure terms to ICD codes","Wang Q, Ji Z, Wang J, Wu S, Lin W, Li W, Ke L, Xiao G, Jiang Q, Xu H, Zhou Y.","J Biomed Inform. 2020 May;105:103418. doi: 10.1016/j.jbi.2020.103418. Epub 2020 Apr 13.","Wang Q","J Biomed Inform","2020","2020/04/17","","","10.1016/j.jbi.2020.103418"
"31259040","Cost-sensitive Active Learning for Phenotyping of Electronic Health Records","Ji Z, Wei Q, Franklin A, Cohen T, Xu H.","AMIA Jt Summits Transl Sci Proc. 2019 May 6;2019:829-838. eCollection 2019.","Ji Z","AMIA Jt Summits Transl Sci Proc","2019","2019/07/02","PMC6568101","",""
"31816040","Learning from electronic health records across multiple sites: A communication-efficient and privacy-preserving distributed algorithm","Duan R, Boland MR, Liu Z, Liu Y, Chang HH, Xu H, Chu H, Schmid CH, Forrest CB, Holmes JH, Schuemie MJ, Berlin JA, Moore JH, Chen Y.","J Am Med Inform Assoc. 2020 Mar 1;27(3):376-385. doi: 10.1093/jamia/ocz199.","Duan R","J Am Med Inform Assoc","2020","2019/12/10","PMC7025371","","10.1093/jamia/ocz199"
"32995818","Privacy-Protecting, Reliable Response Data Discovery Using COVID-19 Patient Observations","Kim J, Neumann L, Paul P, Aratow M, Bell DS, Doctor JN, Hinske LC, Jiang X, Kim KK, Matheny ME, Meeker D, Pletcher MJ, Schilling LM, SooHoo S, Xu H, Zheng K, Ohno-Machado L.","medRxiv. 2020 Sep 23:2020.09.21.20196220. doi: 10.1101/2020.09.21.20196220. Preprint.","Kim J","medRxiv","2020","2020/09/30","PMC7523159","","10.1101/2020.09.21.20196220"
"23571849","A hybrid system for temporal information extraction from clinical text","Tang B, Wu Y, Jiang M, Chen Y, Denny JC, Xu H.","J Am Med Inform Assoc. 2013 Sep-Oct;20(5):828-35. doi: 10.1136/amiajnl-2013-001635. Epub 2013 Apr 9.","Tang B","J Am Med Inform Assoc","2013","2013/04/11","PMC3756274","","10.1136/amiajnl-2013-001635"
"29295066","Comparing Cancer Information Needs for Consumers in the US and China","Ji Z, Zhang Y, Xu J, Chen X, Wu Y, Xu H.","Stud Health Technol Inform. 2017;245:126-130.","Ji Z","Stud Health Technol Inform","2017","2018/01/04","PMC5805146","NIHMS890200",""
"27087307","Chemical named entity recognition in patents by domain knowledge and unsupervised feature learning","Zhang Y, Xu J, Chen H, Wang J, Wu Y, Prakasam M, Xu H.","Database (Oxford). 2016 Apr 17;2016:baw049. doi: 10.1093/database/baw049. Print 2016.","Zhang Y","Database (Oxford)","2016","2016/04/19","PMC4834204","","10.1093/database/baw049"
"36802713","Social Determinants, Cardiovascular Disease, and Health Care Cost: A Nationwide Study in the United States Using Machine Learning","Sun F, Yao J, Du S, Qian F, Appleton AA, Tao C, Xu H, Liu L, Dai Q, Joyce BT, Nannini DR, Hou L, Zhang K.","J Am Heart Assoc. 2023 Mar 7;12(5):e027919. doi: 10.1161/JAHA.122.027919. Epub 2023 Feb 21.","Sun F","J Am Heart Assoc","2023","2023/02/21","PMC10111459","","10.1161/JAHA.122.027919"
"25046831","Identifying plausible adverse drug reactions using knowledge extracted from the literature","Shang N, Xu H, Rindflesch TC, Cohen T.","J Biomed Inform. 2014 Dec;52:293-310. doi: 10.1016/j.jbi.2014.07.011. Epub 2014 Jul 19.","Shang N","J Biomed Inform","2014","2014/07/22","PMC4261011","NIHMS615529","10.1016/j.jbi.2014.07.011"
"34406805","Comprehensive Characterization of COVID-19 Patients with Repeatedly Positive SARS-CoV-2 Tests Using a Large U.S. Electronic Health Record Database","Dong X, Zhou Y, Shu XO, Bernstam EV, Stern R, Aronoff DM, Xu H, Lipworth L.","Microbiol Spectr. 2021 Sep 3;9(1):e0032721. doi: 10.1128/Spectrum.00327-21. Epub 2021 Aug 18.","Dong X","Microbiol Spectr","2021","2021/08/18","PMC8552669","","10.1128/Spectrum.00327-21"
"28269951","Literature-Based Discovery of Confounding in Observational Clinical Data","Malec SA, Wei P, Xu H, Bernstam EV, Myneni S, Cohen T.","AMIA Annu Symp Proc. 2017 Feb 10;2016:1920-1929. eCollection 2016.","Malec SA","AMIA Annu Symp Proc","2017","2017/03/09","PMC5333204","",""
"29908902","A study of generalizability of recurrent neural network-based predictive models for heart failure onset risk using a large and heterogeneous EHR data set","Rasmy L, Wu Y, Wang N, Geng X, Zheng WJ, Wang F, Wu H, Xu H, Zhi D.","J Biomed Inform. 2018 Aug;84:11-16. doi: 10.1016/j.jbi.2018.06.011. Epub 2018 Jun 15.","Rasmy L","J Biomed Inform","2018","2018/06/18","PMC6076336","NIHMS979002","10.1016/j.jbi.2018.06.011"
"26083494","Deciphering Signaling Pathway Networks to Understand the Molecular Mechanisms of Metformin Action","Sun J, Zhao M, Jia P, Wang L, Wu Y, Iverson C, Zhou Y, Bowton E, Roden DM, Denny JC, Aldrich MC, Xu H, Zhao Z.","PLoS Comput Biol. 2015 Jun 17;11(6):e1004202. doi: 10.1371/journal.pcbi.1004202. eCollection 2015 Jun.","Sun J","PLoS Comput Biol","2015","2015/06/18","PMC4470683","","10.1371/journal.pcbi.1004202"
"33647938","Extracting postmarketing adverse events from safety reports in the vaccine adverse event reporting system (VAERS) using deep learning","Du J, Xiang Y, Sankaranarayanapillai M, Zhang M, Wang J, Si Y, Pham HA, Xu H, Chen Y, Tao C.","J Am Med Inform Assoc. 2021 Jul 14;28(7):1393-1400. doi: 10.1093/jamia/ocab014.","Du J","J Am Med Inform Assoc","2021","2021/03/01","PMC8279785","","10.1093/jamia/ocab014"
"33409263","Causal Discovery in Radiographic Markers of Knee Osteoarthritis and Prediction for Knee Osteoarthritis Severity With Attention-Long Short-Term Memory","Wang Y, You L, Chyr J, Lan L, Zhao W, Zhou Y, Xu H, Noble P, Zhou X.","Front Public Health. 2020 Dec 18;8:604654. doi: 10.3389/fpubh.2020.604654. eCollection 2020.","Wang Y","Front Public Health","2020","2021/01/07","PMC7779681","","10.3389/fpubh.2020.604654"
"25954575","Extracting and standardizing medication information in clinical text - the MedEx-UIMA system","Jiang M, Wu Y, Shah A, Priyanka P, Denny JC, Xu H.","AMIA Jt Summits Transl Sci Proc. 2014 Apr 7;2014:37-42. eCollection 2014.","Jiang M","AMIA Jt Summits Transl Sci Proc","2014","2015/05/09","PMC4419757","",""
"25717412","Adapting a natural language processing tool to facilitate clinical trial curation for personalized cancer therapy","Zeng J, Wu Y, Bailey A, Johnson A, Holla V, Bernstam EV, Xu H, Meric-Bernstam F.","AMIA Jt Summits Transl Sci Proc. 2014 Apr 7;2014:126-31. eCollection 2014.","Zeng J","AMIA Jt Summits Transl Sci Proc","2014","2015/02/27","PMC4333699","",""
"35466079","Recurrent neural network models (CovRNN) for predicting outcomes of patients with COVID-19 on admission to hospital: model development and validation using electronic health record data","Rasmy L, Nigo M, Kannadath BS, Xie Z, Mao B, Patel K, Zhou Y, Zhang W, Ross A, Xu H, Zhi D.","Lancet Digit Health. 2022 Jun;4(6):e415-e425. doi: 10.1016/S2589-7500(22)00049-8. Epub 2022 Apr 21.","Rasmy L","Lancet Digit Health","2022","2022/04/25","PMC9023005","","10.1016/S2589-7500(22)00049-8"
"29888086","Adapting Word Embeddings from Multiple Domains to Symptom Recognition from Psychiatric Notes","Zhang Y, Li HJ, Wang J, Cohen T, Roberts K, Xu H.","AMIA Jt Summits Transl Sci Proc. 2018 May 18;2017:281-289. eCollection 2018.","Zhang Y","AMIA Jt Summits Transl Sci Proc","2018","2018/06/12","PMC5961810","",""
"23962833","Opioid use after cardiac surgery in children with Down syndrome","Van Driest SL, Shah A, Marshall MD, Xu H, Smith AH, McGregor TL, Kannankeril PJ.","Pediatr Crit Care Med. 2013 Nov;14(9):862-8. doi: 10.1097/PCC.0b013e31829f5d9d.","Van Driest SL","Pediatr Crit Care Med","2013","2013/08/22","PMC3830692","NIHMS503530","10.1097/PCC.0b013e31829f5d9d"
"26385377","A study of active learning methods for named entity recognition in clinical text","Chen Y, Lasko TA, Mei Q, Denny JC, Xu H.","J Biomed Inform. 2015 Dec;58:11-18. doi: 10.1016/j.jbi.2015.09.010. Epub 2015 Sep 15.","Chen Y","J Biomed Inform","2015","2015/09/20","PMC4934373","NIHMS729051","10.1016/j.jbi.2015.09.010"
"24431336","Assisted annotation of medical free text using RapTAT","Gobbel GT, Garvin J, Reeves R, Cronin RM, Heavirland J, Williams J, Weaver A, Jayaramaraja S, Giuse D, Speroff T, Brown SH, Xu H, Matheny ME.","J Am Med Inform Assoc. 2014 Sep-Oct;21(5):833-41. doi: 10.1136/amiajnl-2013-002255. Epub 2014 Jan 15.","Gobbel GT","J Am Med Inform Assoc","2014","2014/01/17","PMC4147611","","10.1136/amiajnl-2013-002255"
"35354802","DLMM as a lossless one-shot algorithm for collaborative multi-site distributed linear mixed models","Luo C, Islam MN, Sheils NE, Buresh J, Reps J, Schuemie MJ, Ryan PB, Edmondson M, Duan R, Tong J, Marks-Anglin A, Bian J, Chen Z, Duarte-Salles T, Fernández-Bertolín S, Falconer T, Kim C, Park RW, Pfohl SR, Shah NH, Williams AE, Xu H, Zhou Y, Lautenbach E, Doshi JA, Werner RM, Asch DA, Chen Y.","Nat Commun. 2022 Mar 30;13(1):1678. doi: 10.1038/s41467-022-29160-4.","Luo C","Nat Commun","2022","2022/03/31","PMC8967932","","10.1038/s41467-022-29160-4"
"37128366","Automated Identification of Missing IS-A Relations in the Human Phenotype Ontology","Mohtashamian M, Hu R, Abeysinghe R, Hao X, Xu H, Cui L.","AMIA Annu Symp Proc. 2023 Apr 29;2022:785-794. eCollection 2022.","Mohtashamian M","AMIA Annu Symp Proc","2023","2023/05/02","PMC10148310","",""
"30961579","Time-sensitive clinical concept embeddings learned from large electronic health records","Xiang Y, Xu J, Si Y, Li Z, Rasmy L, Zhou Y, Tiryaki F, Li F, Zhang Y, Wu Y, Jiang X, Zheng WJ, Zhi D, Tao C, Xu H.","BMC Med Inform Decis Mak. 2019 Apr 9;19(Suppl 2):58. doi: 10.1186/s12911-019-0766-3.","Xiang Y","BMC Med Inform Decis Mak","2019","2019/04/10","PMC6454598","","10.1186/s12911-019-0766-3"
"28861720","Accurate Identification of Fatty Liver Disease in Data Warehouse Utilizing Natural Language Processing","Redman JS, Natarajan Y, Hou JK, Wang J, Hanif M, Feng H, Kramer JR, Desiderio R, Xu H, El-Serag HB, Kanwal F.","Dig Dis Sci. 2017 Oct;62(10):2713-2718. doi: 10.1007/s10620-017-4721-9. Epub 2017 Aug 31.","Redman JS","Dig Dis Sci","2017","2017/09/02","","","10.1007/s10620-017-4721-9"
"32537570","Detect Attributes of Medical Concepts via Sequence Labeling","Xu J, Xiang Y, Li Z, Lee HJ, Xu H, Wei Q, Zhang Y, Wu Y, Wu S.","IEEE Int Conf Healthc Inform. 2019 Jun;2019:10.1109/ICHI.2019.8904714. doi: 10.1109/ICHI.2019.8904714. Epub 2019 Nov 21.","Xu J","IEEE Int Conf Healthc Inform","2019","2020/06/16","PMC7293163","NIHMS1041679","10.1109/ICHI.2019.8904714"
"28602904","A hybrid approach to automatic de-identification of psychiatric notes","Lee HJ, Wu Y, Zhang Y, Xu J, Xu H, Roberts K.","J Biomed Inform. 2017 Nov;75S:S19-S27. doi: 10.1016/j.jbi.2017.06.006. Epub 2017 Jun 7.","Lee HJ","J Biomed Inform","2017","2017/06/13","PMC5705430","NIHMS885677","10.1016/j.jbi.2017.06.006"
"34081724","Leveraging a health information exchange for analyses of COVID-19 outcomes including an example application using smoking history and mortality","Tortolero GA, Brown MR, Sharma SV, de Oliveira Otto MC, Yamal JM, Aguilar D, Gunther MD, Mofleh DI, Harris RD, John JC, de Vries PS, Ramphul R, Serbo DM, Kiger J, Banerjee D, Bonvino N, Merchant A, Clifford W, Mikhail J, Xu H, Murphy RE, Wei Q, Vahidy FS, Morrison AC, Boerwinkle E.","PLoS One. 2021 Jun 3;16(6):e0247235. doi: 10.1371/journal.pone.0247235. eCollection 2021.","Tortolero GA","PLoS One","2021","2021/06/03","PMC8174716","","10.1371/journal.pone.0247235"
"33786419","A Natural Language Processing Tool to Extract Quantitative Smoking Status from Clinical Narratives","Yang X, Yang H, Lyu T, Yang S, Guo Y, Bian J, Xu H, Wu Y.","IEEE Int Conf Healthc Inform. 2020 Nov-Dec;2020:10.1109/ICHI48887.2020.9374369. doi: 10.1109/ICHI48887.2020.9374369. Epub 2021 Mar 12.","Yang X","IEEE Int Conf Healthc Inform","2020","2021/03/31","PMC8006894","NIHMS1641172","10.1109/ICHI48887.2020.9374369"
"26734457","CMTR1 is associated with increased asthma exacerbations in patients taking inhaled corticosteroids","Dahlin A, Denny J, Roden DM, Brilliant MH, Ingram C, Kitchner TE, Linneman JG, Shaffer CM, Weeke P, Xu H, Kubo M, Tamari M, Clemmer GL, Ziniti J, McGeachie MJ, Tantisira KG, Weiss ST, Wu AC.","Immun Inflamm Dis. 2015 Jul 14;3(4):350-9. doi: 10.1002/iid3.73. eCollection 2015 Dec.","Dahlin A","Immun Inflamm Dis","2015","2016/01/07","PMC4693729","","10.1002/iid3.73"
"25954581","Open Source Clinical NLP - More than Any Single System","Masanz J, Pakhomov SV, Xu H, Wu ST, Chute CG, Liu H.","AMIA Jt Summits Transl Sci Proc. 2014 Apr 7;2014:76-82. eCollection 2014.","Masanz J","AMIA Jt Summits Transl Sci Proc","2014","2015/05/09","PMC4419764","",""
"31815074","Development of a Natural Language Processing Tool to Extract Radiation Treatment Sites","Walker G, Soysal E, Xu H.","Cureus. 2019 Oct 28;11(10):e6010. doi: 10.7759/cureus.6010.","Walker G","Cureus","2019","2019/12/10","PMC6881088","","10.7759/cureus.6010"
"35377319","Factors Associated With COVID-19 Death in the United States: Cohort Study","Chen UI, Xu H, Krause TM, Greenberg R, Dong X, Jiang X.","JMIR Public Health Surveill. 2022 May 12;8(5):e29343. doi: 10.2196/29343.","Chen UI","JMIR Public Health Surveill","2022","2022/04/04","PMC9132142","","10.2196/29343"
"26958258","Recognizing Disjoint Clinical Concepts in Clinical Text Using Machine Learning-based Methods","Tang B, Chen Q, Wang X, Wu Y, Zhang Y, Jiang M, Wang J, Xu H.","AMIA Annu Symp Proc. 2015 Nov 5;2015:1184-93. eCollection 2015.","Tang B","AMIA Annu Symp Proc","2015","2016/03/10","PMC4765674","",""
"27585838","Leveraging syntactic and semantic graph kernels to extract pharmacokinetic drug drug interactions from biomedical literature","Zhang Y, Wu HY, Xu J, Wang J, Soysal E, Li L, Xu H.","BMC Syst Biol. 2016 Aug 26;10 Suppl 3(Suppl 3):67. doi: 10.1186/s12918-016-0311-2.","Zhang Y","BMC Syst Biol","2016","2016/09/03","PMC5009562","","10.1186/s12918-016-0311-2"
"29206922","PIE: A prior knowledge guided integrated likelihood estimation method for bias reduction in association studies using electronic health records data","Huang J, Duan R, Hubbard RA, Wu Y, Moore JH, Xu H, Chen Y.","J Am Med Inform Assoc. 2018 Mar 1;25(3):345-352. doi: 10.1093/jamia/ocx137.","Huang J","J Am Med Inform Assoc","2018","2017/12/06","PMC7378882","","10.1093/jamia/ocx137"
"26262126","Named Entity Recognition in Chinese Clinical Text Using Deep Neural Network","Wu Y, Jiang M, Lei J, Xu H.","Stud Health Technol Inform. 2015;216:624-8.","Wu Y","Stud Health Technol Inform","2015","2015/08/12","PMC4624324","NIHMS708181",""
"28699547","Lightweight predicate extraction for patient-level cancer information and ontology development","Amith M, Song HY, Zhang Y, Xu H, Tao C.","BMC Med Inform Decis Mak. 2017 Jul 5;17(Suppl 2):73. doi: 10.1186/s12911-017-0465-x.","Amith M","BMC Med Inform Decis Mak","2017","2017/07/13","PMC5506564","","10.1186/s12911-017-0465-x"
"24551390","Word Sense Disambiguation of clinical abbreviations with hyperdimensional computing","Moon S, Berster BT, Xu H, Cohen T.","AMIA Annu Symp Proc. 2013 Nov 16;2013:1007-16. eCollection 2013.","Moon S","AMIA Annu Symp Proc","2013","2014/02/20","PMC3900125","",""
"36806328","A hierarchical strategy to minimize privacy risk when linking ""De-identified"" data in biomedical research consortia","Ohno-Machado L, Jiang X, Kuo TT, Tao S, Chen L, Ram PM, Zhang GQ, Xu H.","J Biomed Inform. 2023 Mar;139:104322. doi: 10.1016/j.jbi.2023.104322. Epub 2023 Feb 17.","Ohno-Machado L","J Biomed Inform","2023","2023/02/22","","","10.1016/j.jbi.2023.104322"
"37669123","Towards precise PICO extraction from abstracts of randomized controlled trials using a section-specific learning approach","Hu Y, Keloth VK, Raja K, Xu H.","Bioinformatics. 2023 Sep 5:btad542. doi: 10.1093/bioinformatics/btad542. Online ahead of print.","Hu Y","Bioinformatics","2023","2023/09/05","","","10.1093/bioinformatics/btad542"
"30342682","Extraction of BI-RADS findings from breast ultrasound reports in Chinese using deep learning approaches","Miao S, Xu T, Wu Y, Xie H, Wang J, Jing S, Zhang Y, Zhang X, Yang Y, Zhang X, Shan T, Wang L, Xu H, Wang S, Liu Y.","Int J Med Inform. 2018 Nov;119:17-21. doi: 10.1016/j.ijmedinf.2018.08.009. Epub 2018 Aug 18.","Miao S","Int J Med Inform","2018","2018/10/22","","","10.1016/j.ijmedinf.2018.08.009"
"33674830","COVID-19 SignSym: a fast adaptation of a general clinical NLP tool to identify and normalize COVID-19 signs and symptoms to OMOP common data model","Wang J, Abu-El-Rub N, Gray J, Pham HA, Zhou Y, Manion FJ, Liu M, Song X, Xu H, Rouhizadeh M, Zhang Y.","J Am Med Inform Assoc. 2021 Jun 12;28(6):1275-1283. doi: 10.1093/jamia/ocab015.","Wang J","J Am Med Inform Assoc","2021","2021/03/06","PMC7989301","","10.1093/jamia/ocab015"
"37018650","Prediction of Brain Metastases Development in Patients With Lung Cancer by Explainable Artificial Intelligence From Electronic Health Records","Li Z, Li R, Zhou Y, Rasmy L, Zhi D, Zhu P, Dono A, Jiang X, Xu H, Esquenazi Y, Zheng WJ.","JCO Clin Cancer Inform. 2023 Apr;7:e2200141. doi: 10.1200/CCI.22.00141.","Li Z","JCO Clin Cancer Inform","2023","2023/04/05","PMC10281421","","10.1200/CCI.22.00141"
"25858285","Using Ontology Fingerprints to disambiguate gene name entities in the biomedical literature","Chen G, Zhao J, Cohen T, Tao C, Sun J, Xu H, Bernstam EV, Lawson A, Zeng J, Johnson AM, Holla V, Bailey AM, Lara-Guerra H, Litzenburger B, Meric-Bernstam F, Jim Zheng W.","Database (Oxford). 2015 Apr 8;2015:bav034. doi: 10.1093/database/bav034. Print 2015.","Chen G","Database (Oxford)","2015","2015/04/11","PMC4390608","","10.1093/database/bav034"
"29186491","CLAMP - a toolkit for efficiently building customized clinical natural language processing pipelines","Soysal E, Wang J, Jiang M, Wu Y, Pakhomov S, Liu H, Xu H.","J Am Med Inform Assoc. 2018 Mar 1;25(3):331-336. doi: 10.1093/jamia/ocx132.","Soysal E","J Am Med Inform Assoc","2018","2017/11/30","PMC7378877","","10.1093/jamia/ocx132"
"31239305","Analysis on geographic variations in hospital deaths and endovascular therapy in ischaemic stroke patients: an observational cross-sectional study in China","Chen H, Shi L, Wang N, Han Y, Lin Y, Dai M, Liu H, Dong X, Xue M, Xu H.","BMJ Open. 2019 Jun 24;9(6):e029079. doi: 10.1136/bmjopen-2019-029079.","Chen H","BMJ Open","2019","2019/06/27","PMC6597735","","10.1136/bmjopen-2019-029079"
"32569358","COVID-19 TestNorm: A tool to normalize COVID-19 testing names to LOINC codes","Dong X, Li J, Soysal E, Bian J, DuVall SL, Hanchrow E, Liu H, Lynch KE, Matheny M, Natarajan K, Ohno-Machado L, Pakhomov S, Reeves RM, Sitapati AM, Abhyankar S, Cullen T, Deckard J, Jiang X, Murphy R, Xu H.","J Am Med Inform Assoc. 2020 Jul 1;27(9):1437-1442. doi: 10.1093/jamia/ocaa145.","Dong X","J Am Med Inform Assoc","2020","2020/06/23","PMC7337837","","10.1093/jamia/ocaa145"
"28269926","Semantic Role Labeling of Clinical Text: Comparing Syntactic Parsers and Features","Zhang Y, Jiang M, Wang J, Xu H.","AMIA Annu Symp Proc. 2017 Feb 10;2016:1283-1292. eCollection 2016.","Zhang Y","AMIA Annu Symp Proc","2017","2017/03/09","PMC5333340","",""
"28699546","An active learning-enabled annotation system for clinical named entity recognition","Chen Y, Lask TA, Mei Q, Chen Q, Moon S, Wang J, Nguyen K, Dawodu T, Cohen T, Denny JC, Xu H.","BMC Med Inform Decis Mak. 2017 Jul 5;17(Suppl 2):82. doi: 10.1186/s12911-017-0466-9.","Chen Y","BMC Med Inform Decis Mak","2017","2017/07/13","PMC5506567","","10.1186/s12911-017-0466-9"
"24689033","Network-assisted prediction of potential drugs for addiction","Sun J, Huang LC, Xu H, Zhao Z.","Biomed Res Int. 2014;2014:258784. doi: 10.1155/2014/258784. Epub 2014 Feb 9.","Sun J","Biomed Res Int","2014","2014/04/02","PMC3932722","","10.1155/2014/258784"
"30081101","Predict effective drug combination by deep belief network and ontology fingerprints","Chen G, Tsoi A, Xu H, Zheng WJ.","J Biomed Inform. 2018 Sep;85:149-154. doi: 10.1016/j.jbi.2018.07.024. Epub 2018 Aug 3.","Chen G","J Biomed Inform","2018","2018/08/07","","","10.1016/j.jbi.2018.07.024"
"31438083","Developing Customizable Cancer Information Extraction Modules for Pathology Reports Using CLAMP","Soysal E, Warner JL, Wang J, Jiang M, Harvey K, Jain SK, Dong X, Song HY, Siddhanamatha H, Wang L, Dai Q, Chen Q, Du X, Tao C, Yang P, Denny JC, Liu H, Xu H.","Stud Health Technol Inform. 2019 Aug 21;264:1041-1045. doi: 10.3233/SHTI190383.","Soysal E","Stud Health Technol Inform","2019","2019/08/24","PMC7359882","NIHMS1603895","10.3233/SHTI190383"
"34457146","A Discrete Joint Model for Entity and Relation Extraction from Clinical Notes","Ji Z, Ghiasvand O, Wu S, Xu H.","AMIA Jt Summits Transl Sci Proc. 2021 May 17;2021:315-324. eCollection 2021.","Ji Z","AMIA Jt Summits Transl Sci Proc","2021","2021/08/30","PMC8378610","",""
"37555837","An Open Natural Language Processing (NLP) Framework for EHR-based Clinical Research: A Case Demonstration Using the National COVID Cohort Collaborative (N3C)","Liu S, Wen A, Wang L, He H, Fu S, Miller R, Williams A, Harris D, Kavuluru R, Liu M, Abu-El-Rub N, Schutte D, Zhang R, Rouhizadeh M, Osborne JD, He Y, Topaloglu U, Hong SS, Saltz JH, Schaffter T, Pfaff E, Chute CG, Duong T, Haendel MA, Fuentes R, Szolovits P, Xu H, Liu H; National COVID Cohort Collaborative (N3C) Natural Language Processing (NLP) Subgroup, National COVID Cohort Collaborative (N3C).","J Am Med Inform Assoc. 2023 Aug 9:ocad134. doi: 10.1093/jamia/ocad134. Online ahead of print.","Liu S","J Am Med Inform Assoc","2023","2023/08/09","","","10.1093/jamia/ocad134"
"25954341","Automated Assessment of Medical Students' Clinical Exposures according to AAMC Geriatric Competencies","Chen Y, Wrenn J, Xu H, Spickard A 3rd, Habermann R, Powers J, Denny JC.","AMIA Annu Symp Proc. 2014 Nov 14;2014:375-84. eCollection 2014.","Chen Y","AMIA Annu Symp Proc","2014","2015/05/09","PMC4419906","",""
"30815153","Combine Factual Medical Knowledge and Distributed Word Representation to Improve Clinical Named Entity Recognition","Wu Y, Yang X, Bian J, Guo Y, Xu H, Hogan W.","AMIA Annu Symp Proc. 2018 Dec 5;2018:1110-1117. eCollection 2018.","Wu Y","AMIA Annu Symp Proc","2018","2019/03/01","PMC6371322","",""
"27847807","Comorbidity in Adult Patients Hospitalized with Type 2 Diabetes in Northeast China: An Analysis of Hospital Discharge Data from 2002 to 2013","Chen H, Zhang Y, Wu D, Gong C, Pan Q, Dong X, Wu Y, Zhang K, Wang S, Lei J, Xu H.","Biomed Res Int. 2016;2016:1671965. doi: 10.1155/2016/1671965. Epub 2016 Oct 25.","Chen H","Biomed Res Int","2016","2016/11/17","PMC5099493","","10.1155/2016/1671965"
"28269966","Clinical Word Sense Disambiguation with Interactive Search and Classification","Wang Y, Zheng K, Xu H, Mei Q.","AMIA Annu Symp Proc. 2017 Feb 10;2016:2062-2071. eCollection 2016.","Wang Y","AMIA Annu Symp Proc","2017","2017/03/09","PMC5333264","",""
"34224163","Nonselective beta-blockers are associated with a lower risk of hepatocellular carcinoma among cirrhotic patients in the United States","Wijarnpreecha K, Li F, Xiang Y, Xu X, Zhu C, Maroufy V, Wang Q, Tao W, Dang Y, Pham HA, Zhou Y, Li J, Zhang X, Xu H, Taner CB, Yang L, Tao C.","Aliment Pharmacol Ther. 2021 Aug;54(4):481-492. doi: 10.1111/apt.16490. Epub 2021 Jul 5.","Wijarnpreecha K","Aliment Pharmacol Ther","2021","2021/07/05","","","10.1111/apt.16490"
"23920639","Analyzing differences between chinese and english clinical text: a cross-institution comparison of discharge summaries in two languages","Wu Y, Lei J, Wei WQ, Tang B, Denny JC, Rosenbloom ST, Miller RA, Giuse DA, Zheng K, Xu H.","Stud Health Technol Inform. 2013;192:662-6.","Wu Y","Stud Health Technol Inform","2013","2013/08/08","PMC4957806","NIHMS803375",""
"26958273","A Study of Neural Word Embeddings for Named Entity Recognition in Clinical Text","Wu Y, Xu J, Jiang M, Zhang Y, Xu H.","AMIA Annu Symp Proc. 2015 Nov 5;2015:1326-33. eCollection 2015.","Wu Y","AMIA Annu Symp Proc","2015","2016/03/10","PMC4765694","",""
"28984194","The International Conference on Intelligent Biology and Medicine (ICIBM) 2016: putting systems biology to work","Zheng WJ, Ruan J, Xu H, Zhao Z, Liu Z.","BMC Syst Biol. 2017 Oct 3;11(Suppl 5):88. doi: 10.1186/s12918-017-0461-x.","Zheng WJ","BMC Syst Biol","2017","2017/10/07","PMC5629615","","10.1186/s12918-017-0461-x"
"33757278","How do we share data in COVID-19 research? A systematic review of COVID-19 datasets in PubMed Central Articles","Zuo X, Chen Y, Ohno-Machado L, Xu H.","Brief Bioinform. 2021 Mar 22;22(2):800-811. doi: 10.1093/bib/bbaa331.","Zuo X","Brief Bioinform","2021","2021/03/24","PMC7799277","","10.1093/bib/bbaa331"
"31801529","Applying a deep learning-based sequence labeling approach to detect attributes of medical concepts in clinical text","Xu J, Li Z, Wei Q, Wu Y, Xiang Y, Lee HJ, Zhang Y, Wu S, Xu H.","BMC Med Inform Decis Mak. 2019 Dec 5;19(Suppl 5):236. doi: 10.1186/s12911-019-0937-2.","Xu J","BMC Med Inform Decis Mak","2019","2019/12/06","PMC6894107","","10.1186/s12911-019-0937-2"
"28815103","Search Datasets in Literature: A Case Study of GWAS","Dong X, Zhang Y, Xu H.","AMIA Jt Summits Transl Sci Proc. 2017 Jul 26;2017:40-49. eCollection 2017.","Dong X","AMIA Jt Summits Transl Sci Proc","2017","2017/08/18","PMC5543360","",""
"30700301","Integrating shortest dependency path and sentence sequence into a deep learning framework for relation extraction in clinical text","Li Z, Yang Z, Shen C, Xu J, Zhang Y, Xu H.","BMC Med Inform Decis Mak. 2019 Jan 31;19(Suppl 1):22. doi: 10.1186/s12911-019-0736-9.","Li Z","BMC Med Inform Decis Mak","2019","2019/02/01","PMC6354333","","10.1186/s12911-019-0736-9"
"27539197","A long journey to short abbreviations: developing an open-source framework for clinical abbreviation recognition and disambiguation (CARD)","Wu Y, Denny JC, Trent Rosenbloom S, Miller RA, Giuse DA, Wang L, Blanquicett C, Soysal E, Xu J, Xu H.","J Am Med Inform Assoc. 2017 Apr 1;24(e1):e79-e86. doi: 10.1093/jamia/ocw109.","Wu Y","J Am Med Inform Assoc","2017","2016/08/20","PMC7651947","","10.1093/jamia/ocw109"
"26306271","Integrating Multiple On-line Knowledge Bases for Disease-Lab Test Relation Extraction","Zhang Y, Soysal E, Moon S, Wang J, Tao C, Xu H.","AMIA Jt Summits Transl Sci Proc. 2015 Mar 25;2015:204-8. eCollection 2015.","Zhang Y","AMIA Jt Summits Transl Sci Proc","2015","2015/08/26","PMC4525275","",""
"25818893","Colorectal cancer drug target prediction using ontology-based inference and network analysis","Tao C, Sun J, Zheng WJ, Chen J, Xu H.","Database (Oxford). 2015 Mar 27;2015:bav015. doi: 10.1093/database/bav015. Print 2015.","Tao C","Database (Oxford)","2015","2015/03/31","PMC4375358","","10.1093/database/bav015"
"25053577","Validating drug repurposing signals using electronic health records: a case study of metformin associated with reduced cancer mortality","Xu H, Aldrich MC, Chen Q, Liu H, Peterson NB, Dai Q, Levy M, Shah A, Han X, Ruan X, Jiang M, Li Y, Julien JS, Warner J, Friedman C, Roden DM, Denny JC.","J Am Med Inform Assoc. 2015 Jan;22(1):179-91. doi: 10.1136/amiajnl-2014-002649. Epub 2014 Jul 22.","Xu H","J Am Med Inform Assoc","2015","2014/07/24","PMC4433365","","10.1136/amiajnl-2014-002649"
"32012237","Electronic Health Records for Drug Repurposing: Current Status, Challenges, and Future Directions","Xu H, Li J, Jiang X, Chen Q.","Clin Pharmacol Ther. 2020 Apr;107(4):712-714. doi: 10.1002/cpt.1769. Epub 2020 Feb 3.","Xu H","Clin Pharmacol Ther","2020","2020/02/04","","","10.1002/cpt.1769"
"37664001","Chemical-Protein Relation Extraction with Pre-trained Prompt Tuning","He J, Li F, Hu X, Li J, Nian Y, Wang J, Xiang Y, Wei Q, Xu H, Tao C.","IEEE Int Conf Healthc Inform. 2022 Jun;2022:608-609. doi: 10.1109/ichi54592.2022.00120. Epub 2022 Sep 8.","He J","IEEE Int Conf Healthc Inform","2022","2023/09/04","PMC10474649","NIHMS1887657","10.1109/ichi54592.2022.00120"
"29220453","A publicly available benchmark for biomedical dataset retrieval: the reference standard for the 2016 bioCADDIE dataset retrieval challenge","Cohen T, Roberts K, Gururaj AE, Chen X, Pournejati S, Alter G, Hersh WR, Demner-Fushman D, Ohno-Machado L, Xu H.","Database (Oxford). 2017 Jan 1;2017:bax061. doi: 10.1093/database/bax061.","Cohen T","Database (Oxford)","2017","2017/12/09","PMC5737202","","10.1093/database/bax061"
"31801516","Editorial: The second international workshop on health natural language processing (HealthNLP 2019)","Wang Y, Xu H, Uzuner O.","BMC Med Inform Decis Mak. 2019 Dec 5;19(Suppl 5):233. doi: 10.1186/s12911-019-0930-9.","Wang Y","BMC Med Inform Decis Mak","2019","2019/12/06","PMC6894102","","10.1186/s12911-019-0930-9"
"27099701","Erratum to: Extracting drug-enzyme relation from literature as evidence for drug drug interaction","Zhang Y, Wu HY, Du J, Xu J, Wang J, Tao C, Li L, Xu H.","J Biomed Semantics. 2016 Apr 19;7:21. doi: 10.1186/s13326-016-0063-3. eCollection 2016.","Zhang Y","J Biomed Semantics","2016","2016/04/22","PMC4837541","","10.1186/s13326-016-0063-3"
